﻿pos_x,pos_y,rotation,side,designator,mpn,pack,value,mount_type,place
80.01,-60.96,90.0,top,SV1,,PinHeader_2x20_P2.54mm_Vertical,MA20-2,tht,True
80.01,-130.81,90.0,top,SV11,,PinHeader_2x20_P2.54mm_Vertical,MA20-2,tht,True
80.01,-125.73,90.0,top,SV12,,PinHeader_2x20_P2.54mm_Vertical,MA20-2,tht,True
80.01,-120.65,90.0,top,SV13,,PinHeader_2x20_P2.54mm_Vertical,MA20-2,tht,True
80.01,-115.57,90.0,top,SV14,,PinHeader_2x20_P2.54mm_Vertical,MA20-2,tht,True
179.07,-130.81,180.0,top,SV19,,PinHeader_1x08_P2.54mm_Vertical,MA08-1,tht,True
80.01,-107.95,90.0,top,SV2,,PinHeader_2x20_P2.54mm_Vertical,MA20-2,tht,True
149.86,-55.88,0.0,top,SV20,,PinHeader_2x20_P2.54mm_Vertical,MA20-2,tht,True
154.94,-55.88,0.0,top,SV21,,PinHeader_2x20_P2.54mm_Vertical,MA20-2,tht,True
144.78,-104.14,180.0,top,SV23,,PinHeader_2x20_P2.54mm_Vertical,MA20-2,tht,True
160.015,-55.88,0.0,top,SV24,,PinHeader_2x20_P2.54mm_Vertical,MA20-2,tht,True
165.095,-55.88,0.0,top,SV25,,PinHeader_2x20_P2.54mm_Vertical,MA20-2,tht,True
161.29,-129.54,90.0,top,SV26,,PinHeader_2x03_P2.54mm_Vertical,MA03-2,tht,True
161.29,-124.46,90.0,top,SV27,,PinHeader_2x03_P2.54mm_Vertical,MA03-2,tht,True
161.29,-119.38,90.0,top,SV28,,PinHeader_2x03_P2.54mm_Vertical,MA03-2,tht,True
161.29,-114.3,90.0,top,SV29,,PinHeader_2x03_P2.54mm_Vertical,MA03-2,tht,True
80.01,-100.33,90.0,top,SV3,,PinHeader_2x20_P2.54mm_Vertical,MA20-2,tht,True
133.365,-115.575,90.0,top,SV30,,PinHeader_2x08_P2.54mm_Vertical,MA08-2,tht,True
133.35,-133.35,90.0,top,SV31,,PinHeader_2x08_P2.54mm_Vertical,MA08-2,tht,True
133.35,-127.0,90.0,top,SV32,,PinHeader_2x08_P2.54mm_Vertical,MA08-2,tht,True
174.005,-97.79,90.0,top,SV34,,PinHeader_2x03_P2.54mm_Vertical,MA03-2,tht,True
174.005,-92.71,90.0,top,SV35,,PinHeader_2x03_P2.54mm_Vertical,MA03-2,tht,True
174.005,-87.63,90.0,top,SV36,,PinHeader_2x03_P2.54mm_Vertical,MA03-2,tht,True
174.005,-82.55,90.0,top,SV37,,PinHeader_2x03_P2.54mm_Vertical,MA03-2,tht,True
174.005,-77.47,90.0,top,SV38,,PinHeader_2x03_P2.54mm_Vertical,MA03-2,tht,True
174.005,-72.385,90.0,top,SV39,,PinHeader_2x03_P2.54mm_Vertical,MA03-2,tht,True
80.01,-95.25,90.0,top,SV4,,PinHeader_2x20_P2.54mm_Vertical,MA20-2,tht,True
174.005,-67.31,90.0,top,SV40,,PinHeader_2x03_P2.54mm_Vertical,MA03-2,tht,True
174.005,-62.23,90.0,top,SV41,,PinHeader_2x03_P2.54mm_Vertical,MA03-2,tht,True
80.01,-90.17,90.0,top,SV5,,PinHeader_2x20_P2.54mm_Vertical,MA20-2,tht,True
80.01,-85.09,90.0,top,SV6,,PinHeader_2x20_P2.54mm_Vertical,MA20-2,tht,True
139.7,-104.14,180.0,top,SV7,,PinHeader_2x20_P2.54mm_Vertical,MA20-2,tht,True
